"goods","one","tow","three"
"""京""品购】炫彩塑料保温水壶 1.3L玻璃内胆保温壶 居家办公车载日用便携保温水壶 黄色","厨具锅具","水具酒具","保温壶"
"##淮军四十年-一个人和一支军队的神话","图书杂志","文学","纪实文学"
"#开发实例大全（提高卷）|4896590","图书杂志","计算机与互联网","编程语言与程序设计"
"$阳光心态(第2版)","图书杂志","励志与成功","心灵鸡汤"
"&2K 2015夏季男休闲男鞋男士透气凉鞋 防滑夏季沙滩鞋子两用凉拖鞋S002 黄色 43","服饰鞋帽","男鞋","凉鞋/沙滩鞋"
"&2K 2016夏季新款时尚平底单鞋女 休闲懒人鞋 套脚乐福鞋女 白色 37","服饰鞋帽","女鞋","休闲鞋"
"&2K 2016夏季新款英伦休闲鞋男 帆布板鞋潮流男鞋乐福鞋学生 白黑色 42","服饰鞋帽","男鞋","休闲鞋"
"&2K 2016夏季新款韩版休闲鞋男 运动鞋潮流板鞋青少年厚底潮鞋子 红色 39","服饰鞋帽","男鞋","休闲鞋"
"&2K 2016夏季男鞋休闲鞋 帆布透气 男鞋板鞋 男夏季运动休闲男鞋子男M-hsk12 黑色 42","服饰鞋帽","男鞋","休闲鞋"
"&2K 2016新款时尚韩版舒适女鞋休闲鞋 系带女士厚底鞋低帮鞋单鞋女W-A666 白黑 36","服饰鞋帽","女鞋","休闲鞋"
"&2K 2016新款透气休闲鞋男 商务套脚豆豆鞋百搭懒人驾车鞋潮 黑色 40","服饰鞋帽","男鞋","休闲鞋"
"&2K 休闲鞋 男商务休闲男鞋英伦驾车鞋百搭豆豆鞋 男单鞋套脚懒人鞋 夏季皮鞋 橙色 43","服饰鞋帽","男鞋","休闲鞋"
"&2K 冬季男鞋男士休闲鞋男 英伦休闲皮鞋 高帮鞋马丁靴男 帆布鞋板鞋男M-c096 蓝色 41","服饰鞋帽","男鞋","休闲鞋"
"&2K 夏季韩版真气垫休闲鞋 透气系带舒适网布鞋增高鞋跑步鞋W-ak611 红色 36","服饰鞋帽","女鞋","休闲鞋"
"&2K 春夏舒适时尚休闲男鞋 透气亚麻布鞋男 系带潮鞋 蓝色 39","服饰鞋帽","男鞋","休闲鞋"
"&2K休闲男鞋2015秋冬上新品男韩版高帮鞋系带运动板鞋子学生青年百搭休闲鞋M-bd33 卡其色 44","服饰鞋帽","男鞋","休闲鞋"
"&2K休闲男鞋2015秋冬季新款男韩版中帮鞋系带运动板鞋子学生百搭休闲鞋Mzf33 蓝色 41","服饰鞋帽","男鞋","休闲鞋"
"&2K休闲男鞋2016春季新款帆布鞋男韩版高帮鞋系带运动板鞋子学生百搭休闲鞋Z603 加绒灰色 39","服饰鞋帽","男鞋","休闲鞋"
"&2K休闲男鞋2016春季新款帆布鞋男韩版高帮鞋系带运动板鞋子学生百搭休闲鞋Z603 加绒黑色 44","服饰鞋帽","男鞋","休闲鞋"
"&2K休闲鞋 2016夏款男鞋上新 男士透气鞋子男 休闲鞋时尚潮鞋懒人鞋M-zh9002 白色 42","服饰鞋帽","男鞋","休闲鞋"
"&2K休闲鞋 2016夏款男鞋上新 男士透气鞋子男 商务休闲鞋时尚潮鞋M-zhf003 黑色 40","服饰鞋帽","男鞋","休闲鞋"
"&2K休闲鞋 男鞋潮鞋休闲鞋 男韩版低帮板鞋时尚 英伦男鞋子M-hx803 白色 44","服饰鞋帽","男鞋","休闲鞋"
"季新款0-1-2-3岁女童吊带短裤两件套 女宝宝纯棉套装宝宝外出服 60738红色 90cm","母婴用品/玩具乐器","寝居服饰","婴儿外出服"
"季新款0-1-2-3岁女童牛仔背带裙 外出时尚卡通半身裙 宝宝裙子 61106蓝色 100cm","服饰鞋帽","女装","半身裙"
"季新款0-1-2岁男女儿童背带短裤男女宝宝牛仔背带裤婴幼儿软牛仔短裤婴儿可开档裤 11070蓝色 73cm17#","服饰鞋帽","女装","牛仔裤"
"季新款0-1-2岁男女宝宝背带裤 婴儿牛仔背带短裤 可开档裤子 蓝色 80cm","服饰鞋帽","女装","牛仔裤"
"季新款0-1-2岁男女童薄款睡袍睡衣 男女宝宝睡衣 新生儿浴袍居家服 60876深蓝色 66cm","服饰鞋帽","内衣","睡衣/家居服"
"季新款0-1-2岁男女童鸭舌帽 五角星字母印花外出帽子 60025灰色","服饰鞋帽","服饰配件","棒球帽"
"季新款0-1-2岁男宝宝唐装儿童冬季保暖唐装喜庆新年套装婴幼儿唐装老虎礼服保暖两件套 15280黄色 73cm","母婴用品/玩具乐器","寝居服饰","婴儿外出服"
"季新款0-1-2岁男宝宝唐装儿童冬季保暖唐装喜庆新年套装婴幼儿唐装老虎礼服保暖两件套 80cm","母婴用品/玩具乐器","寝居服饰","婴儿外出服"
"季新款0-1岁女宝宝花朵盆帽 遮阳帽 大檐防晒帽公主帽 61753黄色","服饰鞋帽","服饰配件","遮阳帽"
"季新款0-1岁男女宝宝短袖短裤套装 新生儿休闲短裤t恤两件套 60879粉红色 66cm","服饰鞋帽","男装","T恤"
"季新款012岁婴儿衣服 夏季连体衣 宝宝夏装 造型衣哈衣 开档爬服 60090粉红色 80cm 60#","母婴用品/玩具乐器","寝居服饰","婴儿外出服"
"季新款1-2-3-4岁女童外出中厚保暖唐装两件套装女宝宝冬季新年装过年唐装生日礼服套装 110cm","母婴用品/玩具乐器","寝居服饰","婴儿外出服"
"季新款1-2-3岁女宝宝女童新年喜庆唐装夹棉保暖唐装生日礼服外出服两件套女童青花瓷 17572红色 90cm","母婴用品/玩具乐器","寝居服饰","婴儿外出服"
"季新款1-2-3岁男童保暖加厚唐装男宝宝喜庆新年装民族服宝宝周岁生日礼服外出服 18007红色 100cm 110#","母婴用品/玩具乐器","寝居服饰","婴儿外出服"
"季新款1-2-3岁男童唐装 男宝宝短袖短裤套装 生日礼服幼儿园表演服 61619黄色 90cm","母婴用品/玩具乐器","童装童鞋","礼服/演出服"
"季新款2-3-4-5岁女童草帽 宝宝遮阳帽 公主帽 女宝宝花朵凉帽 女孩沙滩帽 61910玫红色 均码2-5岁帽围50-52cm","服饰鞋帽","服饰配件","遮阳帽"
"季新款2015低帮透气帆布男鞋子运动休闲鞋英伦板鞋青少年韩版潮鞋男鞋 A03 红色 44","服饰鞋帽","男鞋","休闲鞋"
"季新款2015男生学生板鞋帆布潮鞋韩版潮流青少年运动鞋休闲鞋潮男鞋子 1509 灰色 44","服饰鞋帽","男鞋","休闲鞋"
"季新款2016休闲女鞋坡跟韩版白色透气松糕鞋女夏镂空女鞋单鞋 亮银色 36","服饰鞋帽","女鞋","休闲鞋"
"季新款2345678岁女童旗袍女宝宝唐装公主裙 中小童民族服装周岁宝宝生日礼服装 60921蓝色 120cm8#","服饰鞋帽","女装","旗袍/唐装"
"季新款6-18个月女宝宝帽子 户外遮阳渔夫帽 婴儿帽 韩版儿童盆帽出游帽 61731玫红色 均码6-18个月","服饰鞋帽","服饰配件","遮阳帽"
"季新款D打印时尚拖鞋一字拖流行清爽超纤青年拖鞋3男士凉鞋 白色803 40","服饰鞋帽","女鞋","拖鞋/人字拖"
"季新款D打印时尚拖鞋一字拖流行清爽超纤青年拖鞋3男士凉鞋 黑色803 45","服饰鞋帽","女鞋","拖鞋/人字拖"
"季新款一脚蹬男帆布鞋韩版潮流懒人鞋复古牛仔布休闲鞋布鞋男鞋 灰色 39","服饰鞋帽","男鞋","休闲鞋"
"季新款一脚蹬男帆布鞋韩版潮流懒人鞋复古牛仔布休闲鞋布鞋男鞋 红色 40","服饰鞋帽","男鞋","休闲鞋"
"季新款一脚蹬男帆布鞋韩版潮流懒人鞋权志龙同款复古牛仔布休闲鞋布鞋男鞋 灰色 43","服饰鞋帽","男鞋","休闲鞋"
"版图书 宋朝宫廷秘史","图书杂志","历史","中国史"
"版图书 废名代表作-竹林的故事/中国现代文学馆 编","图书杂志","文学","作品集"
"版图书 恩波教育小题狂做高中化学必修1/必修一 人教版 经典第4版 南京大学出版社","图书杂志","中小学教辅","高一"
"版图书 成绩提高的黄金法则 d29","图书杂志","中小学教辅","教师用书"
"版图书 扑克牌玩法与技巧：珍藏版 zy","图书杂志","体育/运动","棋牌"
"版图书 最美的阅读乐园 中华成语故事(彩色注音版) x5","图书杂志","童书","儿童文学"
"版图书 木偶奇遇记(全新编译名家导读版) d34","图书杂志","童书","儿童文学"
"版图书 水浒传(彩图注音版)/晚安经典 中国四大名著 畅销童书 彩书坊珍藏版 定价88","图书杂志","童书","儿童文学"
"版图书 涂鸦，宝宝说给世界的话:从宝宝的涂鸦看他的内心世界(适用于1-6岁儿童)","图书杂志","童书","美术/书法"
"版图书 玛瑙.琥珀.珊瑚.水晶收藏与鉴赏","图书杂志","艺术","鉴赏收藏"
"版图书 给心灵洗个澡大全集(超值白金版) (3-109)","图书杂志","励志与成功","心灵鸡汤"
"版图书 老北京的传说(彩图) (3-109)","图书杂志","历史","地方史志"
"版图书 聪明宝贝早教翻翻书 水果蔬菜 东34","图书杂志","童书","幼儿启蒙"
"版图书 舍与得的人生经营课大全集(超值白金版) (3-109)","图书杂志","励志与成功","自我完善"
"版图书 语文新课标必读名家选:爱的教育(彩绘版) x5","图书杂志","中小学教辅","中小学课外读物"
"版图书 象棋杀招：珍藏版 zy","图书杂志","体育/运动","棋牌"
"版图书 超级教师 张君宝 著1-8册全集 (1-51)","图书杂志","童书","儿童文学"
"版图书 连环画典藏系列 经典名著连环画集 合订本典藏","图书杂志","文学","中国文学"
"版图书 韩寒MOOK5:在这复杂世界里","图书杂志","文学","作品集"
"版图书优惠促销 会说话会办事会做人 zy","图书杂志","励志与成功","演讲与口才"
"版图书优惠促销 全世界宝宝都玩不厌的益智游戏","图书杂志","童书","幼儿启蒙"
"版图书优惠促销 八卦象数疗法 zy","图书杂志","哲学/宗教","中国哲学"
"版图书优惠促销 周易一卦多断入门 zy","图书杂志","哲学/宗教","中国哲学"
"版图书优惠促销 周易本义 西区21","图书杂志","童书","励志/成长"
"版图书优惠促销 小学生爱玩的500个脑筋急转弯(彩色版) 西区2","图书杂志","童书","手工/游戏"
"马 品御汽车丝圈脚垫雷克萨斯ES250 ES350 nx200 rx270 rx200t 品御咖啡黑 RX270/RX350","汽配用品","汽车装饰","脚垫"
"马 品御汽车丝圈脚垫雷克萨斯ES250 ES350 nx200 rx270 rx200t 品御咖啡黑 RX400H","汽配用品","汽车装饰","脚垫"
"马 品御汽车丝圈脚垫雷克萨斯ES250 ES350 nx200 rx270 rx200t 品御灰黑 RX460H","汽配用品","汽车装饰","脚垫"
"马 品御汽车丝圈脚垫雷克萨斯ES250 ES350 nx200 rx270 rx200t 品御米棕 LX570(七座)","汽配用品","汽车装饰","脚垫"
"马 品御系列 丝圈汽车脚垫 JEEP车系专用 品御咖啡棕 自由客","汽配用品","汽车装饰","脚垫"
"马 品御系列 丝圈汽车脚垫 JEEP车系专用 品御咖啡黑 指南者","汽配用品","汽车装饰","脚垫"
"马 品御系列 丝圈汽车脚垫 JEEP车系专用 品御灰黑 牧马人","汽配用品","汽车装饰","脚垫"
"马 品御系列 丝圈汽车脚垫 JEEP车系专用 品御灰黑 自由客","汽配用品","汽车装饰","脚垫"
"马 品御系列 丝圈汽车脚垫 JEEP车系专用 品御红蓝 后排连体请留言车型颜色","汽配用品","汽车装饰","脚垫"
"马 品御系列 丝圈汽车脚垫 JEEP车系专用 品御红蓝 自由客","汽配用品","汽车装饰","脚垫"
"马 品御系列 丝圈汽车脚垫 JEEP车系专用 品御银蓝 指南者","汽配用品","汽车装饰","脚垫"
"马 品御系列 丝圈汽车脚垫 大众车系专用 品御灰黑 高尔夫7","汽配用品","汽车装饰","脚垫"
"马 品御系列 丝圈汽车脚垫 大众车系专用 品御银蓝 夏朗五座","汽配用品","汽车装饰","脚垫"
"马 品御系列 丝圈汽车脚垫 大众车系专用 品御银蓝 高尔夫7","汽配用品","汽车装饰","脚垫"
"马 品御系列 丝圈汽车脚垫 大众车系专用 品御黑色 新迈腾B7L","汽配用品","汽车装饰","脚垫"
"马 品御系列 丝圈汽车脚垫 奔驰车系专用 品御咖啡棕 500L","汽配用品","汽车装饰","脚垫"
"马 品御系列 丝圈汽车脚垫 奔驰车系专用 品御灰黑 C180","汽配用品","汽车装饰","脚垫"
"马 品御系列 丝圈汽车脚垫 奔驰车系专用 品御米棕 C300","汽配用品","汽车装饰","脚垫"
"马 品御系列 丝圈汽车脚垫 奥迪车系专用 品御咖啡棕 A4旅行版","汽配用品","汽车装饰","脚垫"
"马 品御系列 丝圈汽车脚垫 奥迪车系专用 品御咖啡棕 Q7五座","汽配用品","汽车装饰","脚垫"
"马 品御系列 丝圈汽车脚垫 奥迪车系专用 品御灰黑 Q5","汽配用品","汽车装饰","脚垫"
"马 品御系列 丝圈汽车脚垫 奥迪车系专用 品御红蓝 TT","汽配用品","汽车装饰","脚垫"
"龙马 汽车后备箱垫尾箱垫雪铁龙c5c4l科雷傲卡宴中华v5h230尚酷甲壳虫天语雨燕专用 黑色 其他车型点此下单备注","汽配用品","汽车装饰","车身装饰件"
"龙马 汽车后备箱垫尾箱垫雪铁龙c5c4l科雷傲卡宴中华v5h230尚酷甲壳虫天语雨燕专用 黑色 标致307/207/3008","汽配用品","汽车装饰","车身装饰件"
"龙马 汽车脚垫新天籁骐达速腾宝来帕萨特英朗逸卡罗拉雅阁蒙迪欧锋范瑞纳世嘉科鲁兹福克斯悦动 棕色 天籁骊威颐达轩逸奇骏逍客新骐达","汽配用品","汽车装饰","功能小件"
"龙马 汽车脚垫新天籁骐达速腾宝来帕萨特英朗逸卡罗拉雅阁蒙迪欧锋范瑞纳世嘉科鲁兹福克斯悦动 灰色 奥迪Q3Q5A6LA4L","汽配用品","汽车装饰","功能小件"
"龙马 汽车脚垫新天籁骐达速腾宝来帕萨特英朗逸卡罗拉雅阁蒙迪欧锋范瑞纳世嘉科鲁兹福克斯悦动 灰色 新思域锋范杰德雅阁凌派歌诗图","汽配用品","汽车装饰","功能小件"
"龙马 汽车脚垫新天籁骐达速腾宝来帕萨特英朗逸卡罗拉雅阁蒙迪欧锋范瑞纳世嘉科鲁兹福克斯悦动 灰色 蒙迪欧福克斯嘉年华致胜","汽配用品","汽车装饰","功能小件"
"龙马 汽车脚垫新天籁骐达速腾宝来帕萨特英朗逸卡罗拉雅阁蒙迪欧锋范瑞纳世嘉科鲁兹福克斯悦动 米色 凯迪拉克SRX卡宴科雷傲","汽配用品","汽车装饰","功能小件"
"龙马 汽车脚垫新天籁骐达速腾宝来帕萨特英朗逸卡罗拉雅阁蒙迪欧锋范瑞纳世嘉科鲁兹福克斯悦动 米色 新思域锋范杰德雅阁凌派歌诗图","汽配用品","汽车装饰","功能小件"
"龙马 汽车脚垫新帕萨特速腾迈腾宝来科鲁兹英朗逸天籁思域雅阁瑞纳悦动科雷傲骐达锋范丝圈 黑/灰黑 哈弗H5/H3/H6/M4昕锐","汽配用品","汽车装饰","脚垫"
"龙马 汽车脚垫新帕萨特速腾迈腾宝来科鲁兹英朗逸天籁思域雅阁瑞纳悦动科雷傲骐达锋范丝圈 黑/灰黑 奔腾B50/B70帝豪EC7","汽配用品","汽车装饰","脚垫"
"龙马 汽车脚垫新帕萨特速腾迈腾宝来科鲁兹英朗逸天籁思域雅阁瑞纳悦动科雷傲骐达锋范丝圈 黑/红黑 新迈腾朗逸宝来速腾悦动瑞纳波罗","汽配用品","汽车装饰","功能小件"
"龙马 汽车脚垫新帕萨特速腾迈腾宝来科鲁兹英朗逸天籁思域雅阁瑞纳悦动科雷傲骐达锋范丝圈 黑/红黑 标致307/308/408","汽配用品","汽车装饰","脚垫"
"龙马 汽车脚垫新帕萨特速腾迈腾宝来科鲁兹英朗逸天籁思域雅阁瑞纳悦动科雷傲骐达锋范丝圈 黑/红黑 起亚K3/K5/K2福瑞迪锐欧","汽配用品","汽车装饰","脚垫"
"龙马 福克斯科鲁兹英朗逸锋范君威凯越明锐名图宝马5奥迪a6l卡罗拉帕萨特迈腾双层汽车脚垫 灰色 途胜悦动瑞纳现代ix35伊兰特","汽配用品","汽车装饰","功能小件"
"龙马 迈腾帕萨特福睿斯迈锐宝全包围皮革xpe汽车脚垫 米色 福睿斯","汽配用品","汽车装饰","脚垫"
"龙马 迈腾帕萨特福睿斯迈锐宝全包围皮革xpe汽车脚垫 米色 科鲁兹","汽配用品","汽车装饰","脚垫"
"龙马 迈腾帕萨特福睿斯迈锐宝全包围皮革xpe汽车脚垫 黑色 福睿斯","汽配用品","汽车装饰","脚垫"
"龙马 途观迈腾帕萨特凯美瑞福克斯科鲁兹奔腾x80汽车后备箱垫尾箱垫 棕色 奔腾X80","汽配用品","汽车装饰","后备箱垫"
"龙马 途观迈腾帕萨特凯美瑞福克斯科鲁兹奔腾x80汽车后备箱垫尾箱垫 棕色 福克斯","汽配用品","汽车装饰","后备箱垫"
"龙马 途观迈腾帕萨特凯美瑞福克斯科鲁兹奔腾x80汽车后备箱垫尾箱垫 棕色 英朗","汽配用品","汽车装饰","后备箱垫"
"龙马 途观迈腾帕萨特凯美瑞福克斯科鲁兹奔腾x80汽车后备箱垫尾箱垫 米色 新桑塔纳","汽配用品","汽车装饰","后备箱垫"
"龙马 途观迈腾帕萨特凯美瑞福克斯科鲁兹奔腾x80汽车后备箱垫尾箱垫 米色 轩逸","汽配用品","汽车装饰","后备箱垫"
"龙马帕萨特迈腾名图明锐天籁凯美瑞雅阁途胜蒙迪欧朗动科鲁兹福克斯英朗逸途观君威双层汽车脚垫 咖啡色 歌诗图CRV雅阁锋范思域飞度荣威550W5","汽配用品","汽车装饰","功能小件"
"龙马帕萨特迈腾名图明锐天籁凯美瑞雅阁途胜蒙迪欧朗动科鲁兹福克斯英朗逸途观君威双层汽车脚垫 灰色 新天籁阳光骊威骐达逍客途安志俊景逸X5奇瑞E5A5","汽配用品","汽车装饰","功能小件"
"龙马帕萨特迈腾名图明锐天籁凯美瑞雅阁途胜蒙迪欧朗动科鲁兹福克斯英朗逸途观君威双层汽车脚垫 黄色 新天籁阳光骊威骐达逍客途安志俊景逸X5奇瑞E5A5","汽配用品","汽车装饰","功能小件"
"龙马新卡罗拉英朗帕萨特朗逸速腾科鲁兹福克斯朗逸宝来全包围汽车脚垫 棕色 斯巴鲁xv森林人指南者卡宴科雷傲柯兰多神行者2","汽配用品","汽车装饰","脚垫"
"龙马新卡罗拉英朗帕萨特朗逸速腾科鲁兹福克斯朗逸宝来全包围汽车脚垫 棕色 标致408508308s307","汽配用品","汽车装饰","脚垫"
"龙马新卡罗拉英朗帕萨特朗逸速腾科鲁兹福克斯朗逸宝来全包围汽车脚垫 米色 哈弗h6传祺gs4gs5ga5ga6长城c50","汽配用品","汽车装饰","脚垫"
"龙马新卡罗拉英朗帕萨特朗逸速腾科鲁兹福克斯朗逸宝来全包围汽车脚垫 黑色 众泰t600t200大迈x5科雷嘉艾瑞泽753","汽配用品","汽车装饰","脚垫"
"龙马新卡罗拉英朗帕萨特朗逸速腾科鲁兹福克斯朗逸宝来全包围汽车脚垫 黑色 新蒙迪欧福克斯福睿斯翼虎明锐君威君越凯越翼博锐界","汽配用品","汽车装饰","功能小件"
"龙马新卡罗拉英朗帕萨特朗逸速腾科鲁兹福克斯朗逸宝来全包围汽车脚垫 黑色 比亚迪秦唐宋f6s6f3速锐东南dx7力帆x60","汽配用品","汽车装饰","脚垫"
"龙马汽车后备箱垫尾箱垫 黄色 奥迪Q5A6LA4L","汽配用品","汽车装饰","后备箱垫"
"龙马汽车后备箱垫尾箱垫 黄色 新福克斯蒙迪欧致胜嘉年华锐界","汽配用品","汽车装饰","后备箱垫"
"龙马汽车后备箱垫尾箱垫 黄色 本田CRV新思域锋范飞度","汽配用品","汽车装饰","后备箱垫"
"龙马汽车后备箱垫尾箱垫 黑色 凌派杰德思域","汽配用品","汽车装饰","后备箱垫"
"龙马汽车后备箱垫尾箱垫新卡罗拉迈腾帕萨特宝来英朗逸蒙迪欧福克斯天籁凯美瑞雅阁凌派瑞纳专用 灰色 新领驭朗行朗境途锐尚酷甲壳虫","汽配用品","汽车装饰","功能小件"
"龙马汽车后备箱垫尾箱垫新卡罗拉迈腾帕萨特宝来英朗逸蒙迪欧福克斯天籁凯美瑞雅阁凌派瑞纳专用 黑色 别克gl8奔驰glkc200","汽配用品","汽车装饰","功能小件"
"龙马汽车后备箱垫尾箱垫新卡罗拉迈腾帕萨特宝来英朗逸蒙迪欧福克斯天籁凯美瑞雅阁凌派瑞纳专用 黑色 新天籁奇骏骐达轩逸阳光骊威逍客","汽配用品","汽车装饰","功能小件"
"龙马皇冠雅阁英朗逸速腾迈腾蒙迪欧卡罗拉名图天籁凯美瑞杰德凌派明锐ix35双层汽车脚垫 灰色 起亚K5K4K3K2传祺GS5GA5帝豪EC7朗动","汽配用品","汽车装饰","功能小件"
"龙马皇冠雅阁英朗逸速腾迈腾蒙迪欧卡罗拉名图天籁凯美瑞杰德凌派明锐ix35双层汽车脚垫 黄色 凯美瑞锐志","汽配用品","汽车装饰","功能小件"
"龙马皇冠雅阁英朗逸速腾迈腾蒙迪欧卡罗拉名图天籁凯美瑞杰德凌派明锐ix35双层汽车脚垫 黑色 哈弗H6腾翼C50景逸x5","汽配用品","汽车装饰","功能小件"
"龙马皇冠雅阁英朗逸速腾迈腾蒙迪欧卡罗拉名图天籁凯美瑞杰德凌派明锐ix35双层汽车脚垫 黑色 斯巴鲁XV森林人沃尔沃XC60S60奔腾X80B7","汽配用品","汽车装饰","功能小件"
"龙马皇冠雅阁英朗逸速腾迈腾蒙迪欧卡罗拉名图天籁凯美瑞杰德凌派明锐ix35双层汽车脚垫 黑色 锋范歌诗图CRV雅阁荣威550W5350750","汽配用品","汽车装饰","功能小件"
"龙马途观天籁雅阁凯美瑞迈腾帕萨特速腾君威蒙迪欧朗逸奥迪A6LQ5宝马5系双层汽车脚垫 咖啡色 其他车型点此下单备注即可","汽配用品","汽车装饰","脚垫"
"龙马途观天籁雅阁凯美瑞迈腾帕萨特速腾君威蒙迪欧朗逸奥迪A6LQ5宝马5系双层汽车脚垫 灰色 奥迪a6la4l沃尔沃xc60s60l科雷傲卡宴","汽配用品","汽车装饰","功能小件"
"龙马途观天籁雅阁凯美瑞迈腾帕萨特速腾君威蒙迪欧朗逸奥迪A6LQ5宝马5系双层汽车脚垫 灰色 标致4085083008307308","汽配用品","汽车装饰","脚垫"
"龙马途观天籁雅阁凯美瑞迈腾帕萨特速腾君威蒙迪欧朗逸奥迪A6LQ5宝马5系双层汽车脚垫 米色 奥迪q5q3宝马x5x3奔驰glk300c180","汽配用品","汽车装饰","功能小件"
"龙马途观天籁雅阁凯美瑞迈腾帕萨特速腾君威蒙迪欧朗逸奥迪A6LQ5宝马5系双层汽车脚垫 米色 迈腾帕萨特朗逸宝来速腾凌度威朗","汽配用品","汽车装饰","功能小件"
"龙马途观天籁雅阁凯美瑞迈腾帕萨特速腾君威蒙迪欧朗逸奥迪A6LQ5宝马5系双层汽车脚垫 酒红色 迈腾帕萨特朗逸宝来速腾凌度威朗","汽配用品","汽车装饰","功能小件"
"龙马途观天籁雅阁凯美瑞迈腾帕萨特速腾君威蒙迪欧朗逸奥迪A6LQ5宝马5系双层汽车脚垫 黑色 凯美瑞卡罗拉皇冠锐志思铂睿雷凌凌派","汽配用品","汽车装饰","功能小件"
"龙马途观天籁雅阁凯美瑞迈腾帕萨特速腾君威蒙迪欧朗逸奥迪A6LQ5宝马5系双层汽车脚垫 黑色 蒙迪欧君威英朗威朗明锐凯越君越昕锐","汽配用品","汽车装饰","功能小件"
"龙马途观天籁雅阁凯美瑞迈腾帕萨特速腾君威蒙迪欧朗逸奥迪A6LQ5宝马5系双层汽车脚垫 黑色 长安cs75cs35中华v3v5艾瑞泽753","汽配用品","汽车装饰","功能小件"
"龙马速腾途观宝来帕萨特锋范福克斯科鲁兹天籁明锐雅阁君威英朗逸卡罗拉迈腾汽车后备箱垫尾箱垫 地毯丝 马63昂科塞拉索兰托","汽配用品","汽车装饰","功能小件"
"龙马速腾途观宝来帕萨特锋范福克斯科鲁兹天籁明锐雅阁君威英朗逸卡罗拉迈腾汽车后备箱垫尾箱垫 皮革手缝 标致408/308/508","汽配用品","汽车装饰","功能小件"
"龙高手 电影公仔玩具 正版人物公仔 小嗝嗝 希卡普 艾斯翠德 无牙仔 骑士 男主角(小嗝嗝)","母婴用品/玩具乐器","毛绒布艺","毛绒/布艺"
"龙高手 电影角色装扮服装 男主角HICCUP服 夜煞/无牙仔服 HICCUP 120-130CM","服饰鞋帽","服饰配件","男士腰带/礼盒"
"龙高手2 公仔Toothless夜煞毛绒玩具卡通玩偶 没牙仔娃娃礼品 80CM","母婴用品/玩具乐器","毛绒布艺","毛绒/布艺"
"龙高手系列 全套10册 7-14岁梦工厂同名动画原著外国儿童文学书籍 幻想小说 训龙高手","图书杂志","童书","儿童文学"
"龙鱼 大豆油5L 食用油【仅配送山西太原】","食品/饮料/酒水","粮油调味","食用油"
"龙鱼 油 精炼一级 食用油 大豆油1.8L","食品/饮料/酒水","粮油调味","食用油"
"龙鱼 玉米油1.8L 食用油 油","食品/饮料/酒水","粮油调味","食用油"
"龙鱼 盘锦 大米10kg【仅配送山西太原】","钟表礼品","礼品","鲜花"
"龙鱼 纯香维生素A营养强化菜籽油 5L","食品/饮料/酒水","粮油调味","食用油"
"龙鱼 芝麻香油220ml 香油 油","食品/饮料/酒水","粮油调味","食用油"
"龙鱼 花生浓香食用调和油 5L","食品/饮料/酒水","粮油调味","食用油"
"龙鱼 葵花籽清香 食用调和油5L【仅配送山西太原】","食品/饮料/酒水","粮油调味","食用油"
"龙鱼Morning cup 早餐豆乳 醇磨豆浆粉 30g*3包","食品/饮料/酒水","粮油调味","方便食品"
"龙鱼摆件办公室家居装饰工艺品大号客厅摆设乔迁新居礼品","钟表礼品","礼品","工艺礼品"
"龙鱼纯正葵花籽油3.68L/桶 清淡口味清香型营养均衡 纯正葵花籽油3.68L","食品/饮料/酒水","粮油调味","食用油"
"龙鱼缸灯防水遥控气泡灯led水族灯水族照明七彩变色潜水灯增氧 45厘米CB-A50","运动户外","户外装备","户外照明"
"龙鱼缸灯防水遥控气泡灯led水族灯水族照明七彩变色潜水灯增氧 97厘米CB-A100","运动户外","户外装备","户外照明"
"龙鲜花 33朵红玫瑰花 玫瑰花束鲜花快递 生日礼物礼品 圣诞情人节礼物 粉玫瑰蓝色包装","钟表礼品","礼品","鲜花"
"龙鲜花 33玫瑰花北京长春 鲜花速递同城 福州上海情人节玫瑰花 七夕节礼物 E款33朵白玫瑰","钟表礼品","礼品","鲜花"
"龙鲜花 33玫瑰花北京长春 鲜花速递同城 福州上海情人节玫瑰花 七夕节礼物 H款33朵粉玫瑰","钟表礼品","礼品","鲜花"
"龙鲜花 99朵玫瑰礼盒 鲜花速递 七夕情人节送女友创意 生日礼物 同城配送花店 F款9朵红玫瑰9颗巧克力礼盒","钟表礼品","礼品","鲜花"
"龙鲜花 中秋节 香槟玫瑰花篮送亲人女友 生日祝福花篮 送青岛上海 七夕节送女友","钟表礼品","礼品","鲜花"
"龙鲜花 市区配送 蓝玫瑰加百合花束 北京青岛送花天津福州 鲜花速递七夕节送女友","钟表礼品","礼品","鲜花"
"龙鲜花 市区鲜花速递 北京上海城花店送花 玫瑰花束七夕情人节送女友浪漫节日礼物 C款33支粉玫瑰加小熊圆形花束","钟表礼品","礼品","鲜花"
"龙鲜花 母亲节鲜花速递玫瑰百合花束 生日礼物 爱情祝福节日母亲节 七夕情人节送 C款","钟表礼品","礼品","鲜花"
"龙鲜花 百合花束全国派送 香水百合鲜花 生日礼物 母亲节 爱情祝福 长辈热推 G款","钟表礼品","礼品","鲜花"
"龙鲜花 鲜花速递 红玫瑰情人节七夕节浪漫礼物 送女友恋人生日礼物","钟表礼品","礼品","鲜花"
"龙鲜花七夕热卖 心形玫瑰花束 鲜花速递 情人节玫瑰花 求婚必备 生日礼物 I款","钟表礼品","礼品","鲜花"
"龙鲜花玫瑰花束 速递北京天津深圳青岛 圣诞情人节 A款红玫瑰心形花束","钟表礼品","礼品","鲜花"
"龙鲜花速递 女友生日 七夕情人节礼物 生日礼物 鲜花同城速递 11支玫瑰礼盒装 A款11支白玫瑰+1只公仔礼盒","钟表礼品","礼品","鲜花"
"龙鲜花速递 女友生日 七夕情人节礼物 生日礼物 鲜花同城速递 33支玫瑰 I款33支粉玫瑰","钟表礼品","礼品","鲜花"
"龙鲜花速递 女友生日 七夕情人节礼物 生日礼物 鲜花同城速递 33支玫瑰 M款33支粉玫瑰","钟表礼品","礼品","鲜花"
"龙鲜花速递 生日玫瑰花 99支玫瑰鲜花快递 送花上门青岛上海北京 C款","钟表礼品","礼品","鲜花"
"龙鲜花速递 生日玫瑰花 99支玫瑰鲜花快递 送花上门青岛上海北京 I款","钟表礼品","礼品","鲜花"
"龙鲜花速递 生日鲜花礼物 市区配送母亲节 百合花束送女友恋人浪漫礼物","钟表礼品","礼品","鲜花"
"龙鲜花速递免费送花 创意 北京上海广州订花重庆生日礼物青岛玫瑰礼盒 实体店送花 99朵玫瑰2熊 心形礼盒","钟表礼品","礼品","鲜花"
"龙鲜花速递市区免费母亲节生日礼物送礼必备深深地祝福 A款9支粉色康乃馨+3支红玫瑰+2支白百合","钟表礼品","礼品","鲜花"
"龙麒麟鞭专用辫梢 武术健身表演响鞭防身甩鞭鞭稍 黑色200米一盘直径2厘米","运动户外","健身训练","武术搏击"
"龙麻将凉席夏季凉席枕头套清凉舒适美观不带枕芯 43*70咖啡色织锦缎豪华枕套单个","家居家装","家纺","凉席"
"龙麻将凉席多款式枕套布艺牛筋竹席大小单人婴幼儿茶叶小枕头套 45*70枕面冰丝布料枕套 单个","家居家装","家纺","凉席"
"龙麻将坐垫凉席沙发垫经济实用竹席防滑凉爽夏季包边包底夏天椅子凉垫 糯米色碳烧双牛筋窄包边衬底 60*180cm","家居家装","家纺","凉席"
"龙麻将夏季折叠单双人床学生床竹凉席子 咖啡色碳烧无蜡经典 1.8m*2.2m","家居家装","家纺","凉席"
"龙黑檀整板实木茶盘天然乌金石茶台石头功夫茶具茶海自动电磁炉 万福吉祥","厨具锅具","茶具/咖啡具","茶盘茶托"
"龙龙泉茶具整套 陶瓷功夫茶具茶壶茶杯套装 高档青瓷茶具 青瓷年年有余 一壶二杯碟组","厨具锅具","茶具/咖啡具","整套茶具"
"龙龙泉茶具整套 陶瓷功夫茶具茶壶茶杯套装 高档青瓷茶具 青瓷龙凤配 一壶六杯组","厨具锅具","茶具/咖啡具","整套茶具"
"龙（GULONG）罐头 香菇肉酱180g*5罐","食品/饮料/酒水","粮油调味","方便食品"
"龙（oloong)551EX佳能、尼康外置闪光灯 高速同步 主控从属TTL","手机数码","数码配件","闪光灯/手柄"
"龙（Tamron）SR MC UV 72mm 镜片 超薄超防水","手机数码","摄影摄像","镜头"
"龙（Teloon）手胶 吸汗带 超薄 黏性手感 TR-402 黑色","运动户外","体育用品","羽毛球"
"龙（Teloon）球场标识贴 羽毛球/篮球/网球场地标识 盒装 TL-1508 一盒-18快","运动户外","体育用品","网球"
"龙（Teloon）网球 训练网球 POUND P4 LUX Q1","运动户外","体育用品","网球"
"龙（wilon）三角石英女表 个性镂空表盘多色可选表带 情侣手表 1016 蓝皮带蓝色","钟表礼品","钟表","国表"
"龙（wilon）时尚商务男士石英钢带手表刻度装饰防水情侣对表 2738G 黑面小款","钟表礼品","钟表","国表"
"龙（wilon）时尚男女士手表简约个性石英钢带情侣腕表913 黑面小款","钟表礼品","钟表","国表"
"龙（wilon）男士黑面钢带手表韩国时尚全黑色石英运动系列装饰手表 1004 黑面红针","钟表礼品","钟表","国表"
"龟 乌龟投影灯星空投影灯 粉","母婴用品/玩具乐器","益智玩具","早教启智"
"龟交易法则 WAY OF THE TURTLE: THE SECRET METHODS","图书杂志","进口原版","Children's Books（儿童图书）"
"龟先森 儿童吃饭兜婴儿软围兜立体防水宝宝围嘴口水巾宝宝食饭兜 草绿色","母婴用品/玩具乐器","寝居服饰","家居床品"
"龟先森 儿童沙发 卡通沙发长颈鹿大象恐龙坐垫毛绒布艺玩具可爱动物懒人沙发椅儿童礼物 恐龙粉色 长颈鹿高90宽50cm","钟表礼品","礼品","创意礼品"
"龟先森 儿童沙发 沙发创意迷你懒人沙发椅宝宝可拆洗榻榻米床海军帆船布艺 红色铁锚 前后60cm2.5kg","钟表礼品","礼品","创意礼品"
"龟先森 儿童袜子 靴下6-18月棉学步袜卡通可爱点胶防滑宝宝袜子12双 男宝咖啡 6-18个月","服饰鞋帽","内衣","休闲棉袜"
"龟先森 儿童防撞条 多功能保护条防磕碰防撞贴 加厚桌角防撞护角 蓝色送3M胶 2M","汽配用品","汽车装饰","车身装饰件"
"龟先森 哺乳衣外出长袖棉春秋大码哺乳上衣时尚哺乳装产后假两件喂奶衣 浅灰色 XL","母婴用品/玩具乐器","妈妈专区","孕妈装"
"龟先森 婴儿内衣 2016年新款儿童内衣套装 童套装 儿童内衣内裤 婴儿套装 粉色长颈鹿 73码","母婴用品/玩具乐器","寝居服饰","婴儿内衣"
"龟先森 婴儿内衣 2016年新款儿童内衣套装 童套装 儿童内衣内裤 婴儿套装 绿色长颈鹿 73码","母婴用品/玩具乐器","寝居服饰","婴儿内衣"
"龟先森 婴儿帽子 2016新款婴儿帽子宝宝帽子猴子盆帽遮阳帽春夏季 儿童帽子 米白色 帽围50cm","服饰鞋帽","服饰配件","遮阳帽"
"龟先森 婴儿帽子 婴儿遮阳帽渔夫帽出游 宝宝防晒帽太阳帽夏季大檐公主沙滩帽 儿童帽子 绿色碎花粉底","服饰鞋帽","服饰配件","遮阳帽"
"龟先森 孕妇装 2016新款夏装韩版哺乳裙 短袖喂奶裙 孕妇裙 藏青色 L","母婴用品/玩具乐器","妈妈专区","孕妈装"
"龟先森 孕妇装 夏装 2016新款文艺宽松大摆纯色背心吊带长裙 连衣裙 孕妈装 图片色 L","服饰鞋帽","女装","连衣裙"
"龟先森 春秋棉婴儿连裤袜欧版宝宝连裤袜星星款小童连裤袜 三双 奶白 身高90-100cm3件起发","服饰鞋帽","内衣","连裤袜/丝袜"
"龟先森 月子帽 春夏秋冬月子孕妇帽韩版套头帽子包头帽头巾帽 浅灰色 均码","服饰鞋帽","内衣","睡衣/家居服"
"龟先森 毛绒玩具 可爱情侣公仔大象小象布娃娃生日情人节礼物 毛绒玩具大象 灰色 40cm","母婴用品/玩具乐器","毛绒布艺","毛绒/布艺"
"龟先森 毛绒玩具 可爱趴趴长颈鹿公仔睡觉抱枕毛绒玩具布娃娃 公仔 紫罗兰 80cm","母婴用品/玩具乐器","毛绒布艺","毛绒/布艺"
"龟先森 毛绒玩具 猴年吉祥物 性感嘴唇猴子抱枕 大头趴趴猴子公仔 天蓝色 40cm","母婴用品/玩具乐器","毛绒布艺","毛绒/布艺"
"龟先森 睡衣女春季长袖女士睡衣可爱公主棉质睡衣套装居家服 主图色 XL","服饰鞋帽","内衣","睡衣/家居服"
"龟岛的狩猎者-查理九世(15)","图书杂志","童书","儿童文学"
"龟故事机安睡投影 星空灯 新奇特早教益智哄宝宝尽快进入梦乡 送情侣朋友同学生日礼物 蓝壳(不带音乐)","钟表礼品","礼品","创意礼品"
"！machi 卡通加棉床护栏婴儿童床挡板围栏大床板通用1.8米ABL-KT01 粉色180*54","家用/商用家具","卧室家具","床"
"！machi 卡通加棉床护栏婴儿童床挡板围栏大床板通用1.8米ABL-KT01 黄色180*54","家用/商用家具","卧室家具","床"
"！machi 床护栏婴儿童床围栏床栏 防护栏 床边防护防摔大床挡板 粉红色175cm*58cm","母婴用品/玩具乐器","寝居服饰","安全防护"
"！身体怎么说话","图书杂志","童书","科普/百科"
"！钱包 男士PU皮 高档男士包皮夹钱夹时尚荔枝纹钱包潮 KL带横条纹黑色","箱包皮具","精品男包","男士钱包"
"！麻咭(O!machi) 母婴用品 安全防护栏床护栏婴儿童床围栏防摔大床挡板可折叠 粉色-150cm*58cm","母婴用品/玩具乐器","寝居服饰","安全防护"
"！麻咭（O!machi）婴儿增高垫椅宝宝便携式吃饭餐椅折叠儿童餐椅座椅妈咪包 随机","母婴用品/玩具乐器","童车童床","餐椅摇椅"
"＆J乐福鞋男懒人蹬英伦潮流低帮鞋牛皮套脚休闲板鞋男真皮鳄鱼纹 白色 43","服饰鞋帽","男鞋","休闲鞋"
"＆J艾格杰克2016新款英伦豆豆鞋男真皮磨砂春夏季法拉利男鞋潮男驾车鞋潮 15C059 红色 43","服饰鞋帽","男鞋","休闲鞋"
"＆J艾格杰克2016新款英伦豆豆鞋男真皮磨砂春夏季法拉利男鞋潮男驾车鞋潮 黑色 38","服饰鞋帽","男鞋","休闲鞋"
"＆J艾格杰克春季新款日常休闲鞋男鞋单鞋 英伦风时尚潮流休闲皮鞋男真皮ij8262 深蓝色-镂空款 43","服饰鞋帽","男鞋","休闲鞋"
"＆J艾格杰克春季真皮豆豆鞋男磨砂休闲鞋韩版单鞋驾车男鞋低帮懒人潮鞋 卡其色 39","服饰鞋帽","男鞋","休闲鞋"
"＆J艾格杰克欧洲站GZ铆钉男鞋潮流欧美个性潮流休闲漆皮鞋朋克板鞋 黑色 43","服饰鞋帽","男鞋","休闲鞋"
"＆J艾格杰克欧洲站欧美潮男豆豆鞋男鞋真皮英伦潮流驾车鞋磨砂 休闲鞋bv 15B282 深蓝色 41","服饰鞋帽","男鞋","休闲鞋"
"＆J艾格杰克欧洲站男鞋春新款真皮板鞋英伦系带简约男士休闲皮鞋潮鞋软面16A923 黑色 40","服饰鞋帽","男鞋","休闲鞋"
"＆J艾格杰克欧美个性金属凉鞋男沙滩鞋防滑2016夏季新款潮流休闲凉拖男鞋16B007 白色 39","服饰鞋帽","女鞋","凉鞋"
"＆J艾格杰克欧美简约凉鞋男士沙滩鞋防滑2016夏季新款潮流休闲凉拖鞋英伦16B009 白色 41","服饰鞋帽","女鞋","凉鞋"
"＆J艾格杰克英伦时尚日常休闲鞋男dg2016春夏新款男士真皮板鞋潮男鞋牛皮 深蓝色 42","服饰鞋帽","男鞋","休闲鞋"
"＆J艾格杰克英伦时尚日常休闲鞋男dg2016春夏新款男士真皮板鞋潮男鞋牛皮15B881 深蓝色 43","服饰鞋帽","男鞋","休闲鞋"
"＆J艾格杰克英伦时尚日常休闲鞋男鞋春男士真皮板鞋头层牛皮鞋潮鞋商务休闲鞋平底低帮男鞋 深蓝色 41","服饰鞋帽","男鞋","休闲鞋"
"＆Q SmileSolar mini女表 光能糖果少女PU表带手表 RP01J005Y","钟表礼品","钟表","日韩表"
"＆Q SmileSolar炫彩系列光能时尚潮流男女情侣中性手表 RP00J025Y","钟表礼品","钟表","日韩表"
"＆X春季新品红色高跟鞋女性感坡跟方头粗跟女鞋新款单鞋浅口 黑色 38","服饰鞋帽","女鞋","单鞋"
"（HIDROTEK)超滤直饮机模块滤芯水龙头净水器 HZ-T02","家用电器","生活电器","净水器"
"（NINTAUS） JZ-60W广播系统功放 户外音箱功放 顶喇叭定压定阻功放机 JZ-60W","手机数码","影音娱乐","专业音频"
"（RIVER LIGHT）28cm厚底煎锅 铁锅不粘锅 无涂层高纯铁 日本原装进口 28cm","厨具锅具","烹饪锅具","炒锅"
"（RIVER LIGHT）铁锅炒锅 不粘锅33cm 日本原装进口 高纯铁无涂层 轻油烟 深色手柄","厨具锅具","烹饪锅具","炒锅"
"（seapai)SP-WA300X无线AP信号放大吸顶式室内WIFI中继器企业大功率","电脑/办公","网络设备","路由器"
"（SONY）VPL-EW235宽屏投影仪投影机商务会议家用投影 替代ew226 官方标配","电脑/办公","办公设备","投影机"
"，你的旅行","图书杂志","旅游/地图","导游必备"
"，就是在一起吃早餐","图书杂志","烹饪/美食","“三高”人群食谱"
"，被发现了呢","图书杂志","动漫","绘本"
"，读美高去","服饰鞋帽","女鞋","凉鞋"
"－3LUE/宜博 H910震动头戴式耳机 台式电脑cf/LOL电竞游戏耳麦 若风定制版 白色","手机数码","影音娱乐","耳机/耳麦"
"－INFUN/英范 男士增高皮鞋 商务休闲男鞋 英伦尖头套脚鞋子男秋 棕色@偏小建议买大一码@ 44","服饰鞋帽","男鞋","休闲鞋"
"－INFUN/英范 男鞋冬季高帮鞋男加绒保暖棉鞋男士休闲鞋手工加厚潮鞋子男 棕色棉 43","服饰鞋帽","男鞋","休闲鞋"
"．D．Dinuo/圣大蒂诺休闲男士单肩包新款尼龙牛津布斜挎包韩版帆布包 竖款 蓝色 灰色小号","箱包皮具","潮流女包","单肩包"
"．D．Dinuo/圣大蒂诺休闲男士单肩包新款尼龙牛津布斜挎包韩版帆布包 竖款 蓝色 黑色小号","箱包皮具","潮流女包","单肩包"
"．D．Dinuo/圣大蒂诺商务休闲男士公文包牛津布手提单肩包男帆布男包尼龙 韩版 横版 蓝色","箱包皮具","精品男包","单肩/斜挎包"
"．D．Dinuo/圣大蒂诺时尚休闲手提单肩包男竖款牛津布男包韩版潮挎包帆布 2015新款 黑色","箱包皮具","精品男包","单肩/斜挎包"
"．Loveit/优乐美 杯装奶茶（香芋）80g 10杯","食品/饮料/酒水","饮料冲调","咖啡/奶茶"
"．Loveit/优乐美奶茶连包（草莓）22g 10袋","食品/饮料/酒水","饮料冲调","咖啡/奶茶"
"．Loveit/优乐美奶茶（麦香）80g杯装 1杯","食品/饮料/酒水","饮料冲调","咖啡/奶茶"
"．Suo/走索2015秋季新款韩版板鞋男透气休闲鞋男潮帆布鞋情侣鞋 白色/女款 39","服饰鞋帽","男鞋","休闲鞋"
"．Suo/走索2015秋季新款韩版板鞋男透气休闲鞋男潮帆布鞋情侣鞋 白色/男款 43","服饰鞋帽","男鞋","休闲鞋"
"．Suo/走索2016新款男士凉鞋牛皮休闲沙滩凉鞋男夏季透气学生凉鞋男潮 201633 咖啡色 39","服饰鞋帽","女鞋","凉鞋"
"．Suo/走索2016春季新款时尚潮鞋休闲皮鞋运动休闲正装皮鞋工装鞋户外休闲男鞋0231 深棕色 40","服饰鞋帽","男鞋","休闲鞋"
"．Suo/走索2016春季新款英伦工装鞋男士休闲鞋系带潮鞋休闲皮鞋 银灰色 39","服饰鞋帽","男鞋","休闲鞋"
"．Suo/走索2016秋季新款板鞋男韩版休闲鞋男士低帮鞋铆钉潮鞋男1306 白色 44","服饰鞋帽","男鞋","休闲鞋"
"．Suo/走索新款男鞋韩版男士休闲鞋布鞋男系带板鞋透气单鞋潮鞋 水红色 41","服饰鞋帽","男鞋","休闲鞋"
"．Suo/走索男士拖鞋2016夏季人字拖韩版凉拖鞋潮流沙滩拖鞋透气男鞋真皮宽边耐磨防水 黄色 42","服饰鞋帽","女鞋","拖鞋/人字拖"
"．Suo/走索男鞋人字拖男士休闲鞋皮拖鞋男夏季沙滩鞋凉拖鞋子 男 黄棕色 注 运动鞋穿40此款拍39","服饰鞋帽","男鞋","休闲鞋"
"．Suo/走索男鞋皮靴子男秋冬季男士休闲鞋潮流马丁靴男军靴短靴 ZS15168 红棕色 44","服饰鞋帽","男鞋","男靴"
"．Suo/走索走索潮流男鞋大码人字拖男士真皮拖鞋男夏季沙滩鞋休闲鞋男凉鞋潮 褐色 36-37 适合平常穿35-36码的","服饰鞋帽","男鞋","拖鞋/人字拖"
"．Suo/走索走索潮流男鞋大码人字拖男士真皮拖鞋男夏季沙滩鞋休闲鞋男凉鞋潮 黑色 42","服饰鞋帽","男鞋","拖鞋/人字拖"
"．T．Dupont/法国都彭纯金属镀钯金滚珠笔DEFI系列宝珠笔402704","钟表礼品","礼品","礼品文具"
"．T．Dupont/都彭 新品日常休闲牛皮男鞋时尚潮流 L19138205 浅灰色 41","服饰鞋帽","男鞋","休闲鞋"
"．T．Dupont/都彭 春夏新款 冲孔 男士商务休闲皮鞋 L13200051 黑色 41","服饰鞋帽","男鞋","休闲鞋"
"．T．Dupont/都彭 男士休闲皮鞋日常款 L18230102 啡色 38","服饰鞋帽","男鞋","休闲鞋"
"．T．Dupont/都彭 男士日常休闲套脚牛皮男鞋 英伦时尚百搭G19140306 蓝色 40","服饰鞋帽","男鞋","休闲鞋"
"．T．Dupont/都彭 男士牛皮潮流商务休闲男鞋 L18235703 蓝色 38","服饰鞋帽","男鞋","休闲鞋"
"．T．Dupont/都彭秋冬新品男士商务休闲皮鞋鹿皮革L18237001 黑色 39","服饰鞋帽","男鞋","休闲鞋"
"．VONTON/青婉田2016新款深口单鞋英伦风布洛克女鞋平跟真皮复古休闲鞋女牛津鞋 驼色 40","服饰鞋帽","女鞋","单鞋"
"．WON/劲王夏季男拖鞋居家人字拖男韩版潮流男士拖鞋防滑沙滩鞋 深灰蓝 40","服饰鞋帽","女鞋","拖鞋/人字拖"
"．WON/劲王春夏季男鞋真皮运动休闲鞋男士时尚学生低帮韩版潮鞋 黑色磨砂 41","服饰鞋帽","男鞋","休闲鞋"
"．WON/劲王男鞋2016夏季拖鞋男士夹脚人字拖防滑休闲沙滩凉拖鞋 迷彩灰 43","服饰鞋帽","男鞋","拖鞋/人字拖"
"．WON/劲王真皮男鞋潮鞋运动休闲鞋男士休闲皮鞋英伦风板鞋 黑色 42","服饰鞋帽","男鞋","休闲鞋"
"３送１ 冠品园 八仙爽声果 陈皮八仙果柚台湾 配陈年甘草柚子参白柚参 230克","食品/饮料/酒水","休闲食品","蜜饯果干"
"３送１ 冠品园 陈年醋柠檬片 柠檬干 柠檬茶 台湾进口 碱性食品","食品/饮料/酒水","茗茶","普洱"
"：20兰博基尼带充电遥控车模 遥控汽车 重力感应遥控 汽车模型 儿童玩具","母婴用品/玩具乐器","遥控/电动","遥控车"
"：32合金玩具车 世界名车合金声光回力车模 儿童玩具仿真模型 带锁大众XL1礼盒装(蓝.绿.红.金)","母婴用品/玩具乐器","模型玩具","仿真模型"
"：32宝马X5双开门带音乐灯光合金模型车（88841）WJ-362-QS32","母婴用品/玩具乐器","模型玩具","仿真模型"
"：43 原厂汽车模型，奔驰迈凯轮 SLR McLaren Roadster，爱人孩子礼物 黑色","母婴用品/玩具乐器","模型玩具","仿真模型"
"：43合金车模（款式较多/不提供选款/仅供参考） 赠品参考链接请勿单拍！！","母婴用品/玩具乐器","模型玩具","仿真模型"
"：87原厂合金汽车模型 别克 昂科拉 U盘式小车 挂件 玩具 红色","母婴用品/玩具乐器","模型玩具","仿真模型"
"ＧＳ曼古银 复古石榴石耳环038008870F0","珠宝饰品","时尚饰品","耳饰"
"ＮＥ 原装电池 适用于 联想S898t+黄金斗士S8 A708T A628T A620T BL-212电池","手机数码","手机配件","手机电池"
